id,created_at,text
852991217512181760,2017-04-14 21:05:28,RT @FLOTUS: Looking forward to hosting the annual Easter Egg Roll at the @WhiteHouse on Monday! https://t.co/nz7vucugx9
852939045948805120,2017-04-14 17:38:10,"RT @Reince45: Another successful week:
‚úîÔ∏èJustice Gorsuch sworn in
‚úîÔ∏èRecognized ATL 1st responders
‚úîÔ∏èReaffirmed commitment to NATO alliance‚Ä¶"
852900601096785926,2017-04-14 15:05:24,Tune in to @POTUS' Weekly Address: https://t.co/4j9T9h2pDG https://t.co/Z6G3apqidJ
852238772259475456,2017-04-12 19:15:31,Join LIVE as @POTUS holds a joint press conference with NATO Secretary General Stoltenberg ‚û°Ô∏è‚Ä¶ https://t.co/Hb6VakhGLz
851484879535648769,2017-04-10 17:19:49,RT @Reince45: Congratulations to Associate Justice Gorsuch. Yet another major promise kept by @POTUS as this exceptional man is sworn in to‚Ä¶
851484766339813376,2017-04-10 17:19:22,RT @PressSec: Congratulations to #SCOTUS Associate Justice #Gorsuch https://t.co/lJW9oojrxI
851434336381530113,2017-04-10 13:58:59,Watch LIVE as @POTUS attends the swearing-in of the Honorable Neil Gorsuch in the Rose Garden ‚û°Ô∏è‚Ä¶ https://t.co/T2BZb0gsVy
850402669239963649,2017-04-07 17:39:30,Tune in to @POTUS' Weekly Address: https://t.co/lAyF03KZuF https://t.co/u371LAnQ7u
850401441240031232,2017-04-07 17:34:37,RT @POTUS: Congratulations to an exceptionally qualified and respected judge on his confirmation to the Supreme Court! #SCOTUS https://t.co‚Ä¶
850369966889152515,2017-04-07 15:29:33,RT @VP: Honored to arrive at Capitol to preside in the Senate during the confirmation of Neil Gorsuch to serve as Associate Justice of the‚Ä¶
850351681292390400,2017-04-07 14:16:54,RT @POTUS: Tonight I ordered a targeted military strike...... https://t.co/3nUzrdiGzX
850064917138984961,2017-04-06 19:17:24,"Today, @POTUS and @FLOTUS will welcome the President of the People's Republic of China, Xi Jinping, and Madame Peng‚Ä¶ https://t.co/jbe9kBUvPb"
850052707327111168,2017-04-06 18:28:53,RT @VPPressSec: .@VP Mike Pence &amp; @SecondLady to visit US troops and key American allies in Asia-Pacific later this month. https://t.co/NNL‚Ä¶
850045037685735426,2017-04-06 17:58:24,"RT @POTUS: It was an honor to host our American heroes from the @WWP Solider Ride this morning at the @WhiteHouse w/ @FLOTUS, @VP &amp; @Second‚Ä¶"
850043793961357312,2017-04-06 17:53:28,"This morning @POTUS, @FLOTUS, @VP, and @SecondLady welcomed heroes from the @wwp #SoldierRideDC in the East Room:‚Ä¶ https://t.co/nSgjFwMFam"
849659538731147266,2017-04-05 16:26:34,"Today @POTUS &amp; @FLOTUS welcomed King Abdullah II &amp; Queen Rania of Jordan to the White House.

Watch the press conf:‚Ä¶ https://t.co/a40qq8nxZH"
849297745278115841,2017-04-04 16:28:56,RT @POTUS: Watch live as I deliver remarks at the 2017 NABTU National Legislative Conference: https://t.co/Tvu848FMWU https://t.co/8IjKdQC2‚Ä¶
849277866168778753,2017-04-04 15:09:56,RT @PressSec: At CEO townhall on Unleashing American Business @POTUS highlights burdensome permitting process to build a highway https://t.‚Ä¶
849277582533173248,2017-04-04 15:08:49,RT @POTUS: It was an honor to welcome President Al Sisi of Egypt to the @WhiteHouse as we renew the historic partnership between the U.S. a‚Ä¶
849010328373481472,2017-04-03 21:26:50,"RT @VP: Hello, @instagram! The official account for the VP's office is up. Follow it and stay tuned for more photos -&gt; https://t.co/kWy52D3‚Ä¶"
848908332282904576,2017-04-03 14:41:33,"Today @POTUS welcomes the President of the Arab Republic of Egypt, Abdel Fattah el-Sisi, to the White House. https://t.co/dwIZ8V1bOw"
848706238703693824,2017-04-03 01:18:30,".@POTUS &amp; @FLOTUS are honored to light up the White House this evening for 
#WorldAutismAwarenessDay‚Ä¶ https://t.co/ZNnbrZCN7J"
848256423922290688,2017-04-01 19:31:05,#ICYMI: Watch @POTUS' Weekly Address https://t.co/FWlUF44KBq https://t.co/zezFWT3gGB
847883188349358081,2017-03-31 18:47:59,Watch LIVE as @POTUS signs executive orders regarding trade: https://t.co/Ao8fuZWbOQ https://t.co/lwO8BqGaEl
847880838968741888,2017-03-31 18:38:39,"RT @PressSec: On Sun, @WhiteHouse will honor World Autism Awareness Day &amp; #LightItUpBlue to join w/ the autism awareness community https://‚Ä¶"
847866978459144192,2017-03-31 17:43:34,"RT @POTUS: Great meeting with a wonderful woman today, former Secretary of State, Condoleezza Rice! #USAüá∫üá∏ https://t.co/1bMfa21c5E"
847866859709976576,2017-03-31 17:43:06,RT @POTUS: A new surge in optimism is sweeping across our land! #MakeAmericaGreatAgain üá∫üá∏ https://t.co/abY0G6CQOZ https://t.co/Qm8nUN1k80
847866781897281536,2017-03-31 17:42:48,RT @Reince45: American manufacturers are feeling optimistic &amp; there's confidence in the economy again thanks to @POTUS pro-growth agenda &amp;‚Ä¶
847822241320587264,2017-03-31 14:45:48,"RT @POTUS: It was an honor to welcome the Prime Minister of Denmark, Lars L√∏kke Rasmussen {@larsloekke} to the @WhiteHouse yesterday! https‚Ä¶"
847818207109029888,2017-03-31 14:29:46,Watch LIVE as @POTUS makes an announcement with the @ShopFloorNAM: https://t.co/CO39DgDL3i https://t.co/Cr9DBuiRqu
847805661731844096,2017-03-31 13:39:55,RT @POTUS: Weekly Address - 10:00 A.M. tomorrow! #MAGA ‚û°Ô∏è https://t.co/umsr7N7YHN https://t.co/2kIysOYVCw
847805577505849344,2017-03-31 13:39:35,Tune in for @POTUS' Weekly Address at 10am: https://t.co/0iMrRnSa8V https://t.co/9A5GxWlCHk
847457281457266693,2017-03-30 14:35:35,"Today @POTUS welcomes the Prime Minister of Denmark, @larsloekke, to the White House. https://t.co/htp6HYTbvs"
847443390199242753,2017-03-30 13:40:23,"RT @PressSec: Today, @POTUS meets w/ Treasury Sec. @stevenmnuchin1, hosts lunch on #opioidcrisis and welcomes PM @larsloekke to @WhiteHouse‚Ä¶"
847442001469550592,2017-03-30 13:34:52,RT @POTUS: Congratulations David Friedman! https://t.co/8PGfIybRzZ
847159301248561152,2017-03-29 18:51:31,Watch LIVE as @POTUS delivers remarks at the Women's Empowerment Panel: https://t.co/97ngCzXOeG https://t.co/llsuXv7oNq
847064696930914304,2017-03-29 12:35:36,"RT @POTUS: Tonight I'm proud to sign S. 305, which encourages the display of the U.S. flag on National Vietnam War Veterans Day tomorrow, M‚Ä¶"
846786910840389632,2017-03-28 18:11:46,RT @EPA: .@POTUS is at EPA today to announce an executive order directing us to review the Clean Power Plan. Watch it live: https://t.co/Be‚Ä¶
846743997150367744,2017-03-28 15:21:15,RT @PressSec: .@POTUS @VP &amp; Attorney General Sessions welcome members of @GLFOP to @WhiteHouse https://t.co/OjIMiVbFnv
846471396184199168,2017-03-27 21:18:02,Take a 360¬∞ look inside of the historic Oval Office: https://t.co/G1DozXfZBj
846461262590595072,2017-03-27 20:37:46,"RT @VP: Productive conversation w/ @POTUS, @IvankaTrump &amp; diverse women small biz owners from around the U.S. as we celebrate #WomensHistor‚Ä¶"
846449631512985600,2017-03-27 19:51:33,"RT @POTUS: I'll keep working with Congress, agencies, and the American people until we eliminate every unnecessary, job-killing regulation‚Ä¶"
846449589205028864,2017-03-27 19:51:22,"RT @POTUS: Today I'm signing 4 bills under the Congressional Review Act that cancels regulations &amp; eliminates unnecessary, job-killing rule‚Ä¶"
846014649724104705,2017-03-26 15:03:05,#ICYMI: Watch @POTUS' Weekly Address https://t.co/LYY3iEzV7G https://t.co/cwyJ8I7jQo
845699338957414402,2017-03-25 18:10:09,Happy #MedalOfHonorDay to our heroes: https://t.co/7vrzYLpUOL https://t.co/A7IYSlRgoc
845683243827519488,2017-03-25 17:06:12,"RT @NASA: Watch @WhiteHouse‚Äôs weekly address about NASA Authorization Act signed by @POTUS, continuing missions of exploration https://t.co‚Ä¶"
845682819150045185,2017-03-25 17:04:30,RT @PressSec: WATCH Weekly Address: @POTUS renews our national commitment to @NASA's mission of exploration &amp; discovery. https://t.co/PSjLr‚Ä¶
845681937410904069,2017-03-25 17:01:00,RT @VP: Landed in Charleston! @SBALinda &amp; I are headed to Foster Supply to meet the small businesses that are the backbone of our economy.‚Ä¶
845656860028010499,2017-03-25 15:21:21,RT @POTUS: ObamaCare will explode and we will all get together and piece together a great healthcare plan for THE PEOPLE. Do not worry!
845649863761104896,2017-03-25 14:53:33,RT @POTUS: Weekly Address - 11:00 A.M. today! ‚û°Ô∏èhttps://t.co/CppERgEPBf https://t.co/tDAbRHdAi7
845287621223993344,2017-03-24 14:54:08,Watch LIVE as @POTUS meets with Charter Communications (@GetSpectrum) CEO Thomas Rutledge &amp; Texas @GovAbbott:‚Ä¶ https://t.co/AEoEdS9hsF
845273247537123329,2017-03-24 13:57:01,Watch LIVE as @POTUS holds a National Economic Council meeting: https://t.co/NCx2afIqIY https://t.co/tmdI4tM6JN
845262618713579522,2017-03-24 13:14:47,RT @VP: This is our moment to end the Obamacare nightmare and replace it with a plan that lowers costs &amp; improves care. #PassTheBill https:‚Ä¶
845262549272670208,2017-03-24 13:14:30,"RT @POTUS: After seven horrible years of ObamaCare (skyrocketing premiums &amp; deductibles, bad healthcare), this is finally your chance for a‚Ä¶"
845030979622391808,2017-03-23 21:54:20,Be sure to follow us on @Snapchat: https://t.co/oIs7HVheAq https://t.co/MpAZZ3g8bf
844952515888189441,2017-03-23 16:42:32,RT @POTUS: We must #RepealANDReplace #Obamacare for the millions that are suffering. Tell your Rep you support #AHCA. Locator‚û°Ô∏èhttps://t.co‚Ä¶
844642241259995141,2017-03-22 20:09:37,RT @POTUS: I spoke with PM Theresa May of the United Kingdom to offer my condolences on today's terror attack in London....https://t.co/j1C‚Ä¶
844259657304752129,2017-03-21 18:49:22,RT @POTUS: #ConfirmGorsuch #SCOTUS https://t.co/EnzFXVMp1M
844254485593673728,2017-03-21 18:28:49,#ICYMI: Watch @POTUS sign the NASA Transition Authorization Act of 2017: https://t.co/5Vij4Hxejg https://t.co/PuhEB7xBzN
844243934641623040,2017-03-21 17:46:53,RT @GorsuchFacts: America needs Judge Gorsuch on #SCOTUS: https://t.co/6z8RkXys4q #ConfirmGorsuch https://t.co/5H0rkNUSGh
844227883526688769,2017-03-21 16:43:07,.@POTUS announced his intent to nominate Judge Amul R. Thapar for the U.S. Court of Appeals for the Sixth Circuit: https://t.co/ZrCDex1gJc
844193336198086656,2017-03-21 14:25:50,Join us LIVE as @POTUS signs the NASA Transition Authorization Act of 2017: https://t.co/5Vij4Hxejg https://t.co/43WyVVzVyq
843949378423455744,2017-03-20 22:16:26,RT @GorsuchFacts: #ICYMI: Watch Judge Gorsuch's moving opening remarks at today's @senjudiciary Committee hearing (2/2) #ConfirmGorsuch htt‚Ä¶
843949341018656768,2017-03-20 22:16:17,RT @GorsuchFacts: #ICYMI: Watch Judge Gorsuch's moving opening remarks at today's @senjudiciary Committee hearing (1/2) #ConfirmGorsuch htt‚Ä¶
843886174548692992,2017-03-20 18:05:17,"Today @POTUS welcomes the Prime Minister of Iraq, Haider al-Abadi, to the White House. https://t.co/FRF2Maadlz"
843864618116300801,2017-03-20 16:39:37,RT @VP: .@POTUS appointed a nominee to the #SCOTUS who will keep faith with the Constitution of the United States. It's time to #ConfirmGor‚Ä¶
843841467789561857,2017-03-20 15:07:38,RT @GorsuchFacts: .@SenCapito: Gorsuch Right for High Court https://t.co/PH35bAI73M #SCOTUS
843826718502674433,2017-03-20 14:09:01,.@POTUS kept his promise to nominate an exceptionally qualified individual to #SCOTUS. It's time for the Senate to‚Ä¶ https://t.co/AFNKgs3CIX
843495547407290368,2017-03-19 16:13:04,Stories like Dr. Sethi's are why @POTUS is fighting to #RepealAndReplace #Obamacare. Share your story here:‚Ä¶ https://t.co/naEF8zQezB
843225258060529664,2017-03-18 22:19:02,#ICYMI: Watch @POTUS' Weekly Address https://t.co/99jsORXx4T https://t.co/qysLcgrfNK
843193120196124672,2017-03-18 20:11:20,Read @POTUS' #AmericaFirst Budget Blueprint to #MakeAmericaGreatAgain: https://t.co/I5gAY8wzae https://t.co/nhei8em6bS
843192506447777793,2017-03-18 20:08:53,RT @VP: Obamacare is hurting small businesses &amp; job creators like Mac Paper in Jacksonville. That's why it's time to #repealandreplace it.‚Ä¶
843180221800960001,2017-03-18 19:20:05,Stories like Ms. Sertich's are why @POTUS is fighting to #RepealAndReplace #Obamacare. Share your story here:‚Ä¶ https://t.co/jGveManT5g
843137128833978368,2017-03-18 16:28:50,"RT @POTUS: It's time to put #AmericaFirst when it comes to how we spend taxpayers' money. We will keep our people safe! 
https://t.co/A0tlz‚Ä¶"
843106509638787075,2017-03-18 14:27:10,Don't forget to tune in TODAY at 11:00am EDT for @POTUS' Weekly Address: https://t.co/99jsORFWdl https://t.co/6J3bdB5doy
842854817236054016,2017-03-17 21:47:02,Don‚Äôt miss your chance to attend the 139th Easter Egg Roll hosted by @POTUS &amp; @FLOTUS. Enter ticket lottery here:‚Ä¶ https://t.co/sTRPBHSFmo
842842829621747717,2017-03-17 20:59:24,RT @POTUS: Great meeting with the @RepublicanStudy Committee this morning at the @WhiteHouse! https://t.co/U8gaHBVmW7
842787667104423937,2017-03-17 17:20:12,Tune in for the joint press conference: https://t.co/BhZCvwhO7h https://t.co/sXeaoVAA2d
842756049929093120,2017-03-17 15:14:34,Stories like Dr. Armstrong's are why @POTUS is fighting to #RepealAndReplace #Obamacare. Share your story here:‚Ä¶ https://t.co/xYuOqvIOea
842735135317544960,2017-03-17 13:51:28,"Today @POTUS welcomes the Chancellor of Germany, Angela Merkel, to the White House. 

Watch their press conference:‚Ä¶ https://t.co/YrA8SGmFij"
842732428393353218,2017-03-17 13:40:42,RT @POTUS: Happy L√° Fheile Phadraig to all of my great Irish friends!
842729609145782272,2017-03-17 13:29:30,"RT @VP: Happy St. Patrick's Day! Yesterday I enjoyed a full day of events w/ @EndaKennyTD &amp; @POTUS, capped by the annual Shamrock Ceremony.‚Ä¶"
842481895845871617,2017-03-16 21:05:11,Join us LIVE as @POTUS delivers remarks at the #StPatricksDay Reception: https://t.co/cRsRYsSRNI https://t.co/0q4yMFsVQj
842476481653661696,2017-03-16 20:43:40,RT @POTUS: We will rebuild our MILITARY. We will keep our people SAFE. We will take care of our VETS. We will put #AmericaFirst https://t.c‚Ä¶
842462049422716929,2017-03-16 19:46:19,"RT @PressSec: Today, @POTUS was honored to recognize the 105th birthday of the oldest Pearl Harbor survivor Ray Chavez for his service to o‚Ä¶"
842433636142063616,2017-03-16 17:53:25,"Join us LIVE as @VP Pence participates in the swearing-in of the Director of National Intelligence, Dan Coats:‚Ä¶ https://t.co/RBuHzMeRAq"
842407146411163648,2017-03-16 16:08:09,RT @POTUS: A budget that puts #AmericaFirst must make safety its no. 1 priority‚Äîwithout safety there can be no prosperity: https://t.co/A0t‚Ä¶
842392615224004609,2017-03-16 15:10:25,"Today @POTUS Trump welcomes the Taoiseach of Ireland, @EndaKennyTD, to the White House. https://t.co/YJlpIwBcW3"
842375956685807620,2017-03-16 14:04:13,RT @OMBPress45: Proud that our first tweet shares @POTUS' budget that puts #AmericaFirst. #AmericasBudget: https://t.co/vk1wr1iaO1 https://‚Ä¶
842145662212825088,2017-03-15 22:49:06,Stories like Ms. Ivey's are why @POTUS is fighting to #RepealAndReplace #Obamacare. Share your story here:‚Ä¶ https://t.co/E0Sy9hYekX
842095443987333128,2017-03-15 19:29:33,.@POTUS and @FLOTUS announce details about the 139th White House Easter Egg Roll. Enter the ticket lottery here:‚Ä¶ https://t.co/4WOHDtU6y4
842091762432802816,2017-03-15 19:14:56,"RT @POTUS: ""We are not simply here to honor the past, but to devote ourselves to a new future of American Automotive Leadership."" üá∫üá∏ https:‚Ä¶"
842078036770058241,2017-03-15 18:20:23,RT @POTUS: Join me LIVE as I deliver remarks at the American Center for Mobility ‚û°Ô∏è https://t.co/R12kH3S6Ap https://t.co/rQgH8Xw3n1
842030895565434881,2017-03-15 15:13:04,.@POTUS is fighting to #RepealAndReplace #Obamacare because of stories like Mrs. Couey's. Share your own story:‚Ä¶ https://t.co/03kbulewVn
841786535909314560,2017-03-14 23:02:04,Stories like Mr. Summers' are why @POTUS is fighting to #RepealAndReplace #Obamacare. Share your story here:‚Ä¶ https://t.co/5P0ikUi6PX
841733306286759938,2017-03-14 19:30:33,"Join us as @VP Pence participates in the swearing-in of the Administrator of @CMSGov, Seema Verma:‚Ä¶ https://t.co/jw1GzAXDy0"
841686579013926912,2017-03-14 16:24:52,"RT @fema: It‚Äôs best to keep off the roads during #blizzard2017 but if you get caught in the snow on your evening commute, follow these tips‚Ä¶"
841686554246541312,2017-03-14 16:24:46,RT @fema: Brrr... it's cold out there ‚ùÑÔ∏è‚ùÑÔ∏è but give your space heater space! Follow the 3 ft rule and turn it off before going to bed. #bli‚Ä¶
841686373530775553,2017-03-14 16:24:03,"RT @fema: If you‚Äôre out shoveling snow this morning, check on your neighbors to see if there‚Äôs anything they need. #blizzard2017 https://t.‚Ä¶"
841664164410085377,2017-03-14 14:55:48,"RT @VP: Thank you to law enforcement, first responders, and snow removal crews for helping to keep people safe during this winter storm. ht‚Ä¶"
841655895331340289,2017-03-14 14:22:57,"RT @Cabinet: Welcome to our account! Follow for exclusive content, news, and updates pertaining to @POTUS Trump's Cabinet Secretaries."
841425728503742465,2017-03-13 23:08:21,RT @POTUS: #Obamacare has led toüìàcosts &amp; fewerüìâhealth insurance options for millions of Americans. How has it impacted you? ‚û°Ô∏èhttps://t.co/‚Ä¶
841421521499410436,2017-03-13 22:51:38,.@POTUS Trump meets with victims of #Obamacare: https://t.co/53fRHctRuk https://t.co/kGdbg49Vy2
841392548073603072,2017-03-13 20:56:30,RT @POTUS: Proud to welcome our great Cabinet members to the @WhiteHouse this afternoon with @VP Pence. https://t.co/nwnSqk8wST
841345339231784961,2017-03-13 17:48:54,RT @POTUS: Everyone along the east coast be safe and listen to local officials as a major winter storm approaches. @NWS https://t.co/NXfRqQ‚Ä¶
841344330337992704,2017-03-13 17:44:54,Today @POTUS lead an #Obamacare listening session with @VP &amp; @SecPriceMD. Now is the time to #RepealAndReplace. https://t.co/7SLU4JPLXI
841295468613234689,2017-03-13 14:30:44,Watch LIVE as @POTUS Trump leads a listening session on healthcare: https://t.co/b38z2OIsLB https://t.co/Dkj0p5C4Ku
840673942092300292,2017-03-11 21:21:01,.@POTUS Trump's First 50 Days of Action: Achieving Results for the American People https://t.co/Xw15oqp712 https://t.co/HMDPDAMvGu
840622350815105024,2017-03-11 17:56:01,.@POTUS Trump's First 50 Days in Photos: https://t.co/yTLiyjle6I https://t.co/VdvLX5KzSH
840575292041191425,2017-03-11 14:49:01,ICYMI: Watch @POTUS Trump's Weekly Address https://t.co/jvRY7HhaoJ https://t.co/Fyd7kMnWh3
840273685718138882,2017-03-10 18:50:32,Three-Pronged Approach to #RepealAndReplace #Obamacare: https://t.co/OGFLlI4BpC
840271366855241728,2017-03-10 18:41:20,Tune in to @PressSec live: https://t.co/T1KUs4x23Q https://t.co/VFks70tRhj
840226846075691008,2017-03-10 15:44:25,"RT @POTUS: Weekly Address - 11:00 A.M. at the @WhiteHouse! #MAGAüá∫üá∏
‚û°Ô∏èhttps://t.co/EMAjO07GuJ https://t.co/RjOook4k0I"
839983766646996992,2017-03-09 23:38:30,Be sure to tune in at 11:00am EST tomorrow to watch @POTUS Trump's Weekly Address: https://t.co/EHbfn3Tx6R
839900884624625664,2017-03-09 18:09:10,Tune in: https://t.co/Q2lnRQbKfp https://t.co/J3V7RUkqK1
839613680090247171,2017-03-08 23:07:55,RT @FLOTUS: Celebrated #InternationalWomensDay in the White House with incredible women https://t.co/7l1I6pcdqf
839588094022193153,2017-03-08 21:26:15,"RT @POTUS: #RepealAndReplace #Obamacare
https://t.co/co5mMBv7Aa"
839567986117775363,2017-03-08 20:06:20,.@POTUS and @FLOTUS Announce 2017 White House Easter Egg Roll https://t.co/RCmB9R8MrC
839546008543576064,2017-03-08 18:39:01,"RT @POTUS: On International Women's Day, join me in honoring the critical role of women here in America &amp; around the world. https://t.co/eA‚Ä¶"
839236960954777600,2017-03-07 22:10:58,The application period for the Summer 2017 White House Internship Program is now open. Get more info:‚Ä¶ https://t.co/P0088GNZhr
838908330642898944,2017-03-07 00:25:06,"RT @POTUS: House just introduced the bill to #RepealAndReplace #Obamacare. Time to end this nightmare. 
https://t.co/z4A27JwaXX"
838898283544207360,2017-03-06 23:45:11,"RT @POTUS: There is an incredible spirit of optimism sweeping the country right now‚Äîwe're bringing back the JOBS!
Watch: https://t.co/SnDap‚Ä¶"
837789338423427074,2017-03-03 22:18:38,RT @POTUS: MAKE AMERICA GREAT AGAIN! https://t.co/O08AlsWQzu
837772593616691200,2017-03-03 21:12:06,ICYMI: Watch @POTUS Trump's Weekly Address from the PCU Gerald R. Ford https://t.co/vi7eJ7EGF4 https://t.co/26USQM5biu
837666801010028545,2017-03-03 14:11:43,Watch @POTUS Trump's Weekly Address today at 11:00am EST: https://t.co/vi7eJ7Wi3E https://t.co/KZFHqXkwME
837473351064924161,2017-03-03 01:23:01,Be sure to tune in at 11:00am EST tomorrow to watch @POTUS Trump's Weekly Address: https://t.co/J9Vsg8Tr1Q https://t.co/h3m5bXSlCp
837441673835708416,2017-03-02 23:17:08,Watch LIVE as @VP Pence participates in the swearing-in ceremony for the Secretary of @ENERGY Rick Perry:‚Ä¶ https://t.co/lWlGxP0oaG
837435803865337856,2017-03-02 22:53:49,Watch LIVE as @VP Pence participates in the swearing-in ceremony for @HUDgov Secretary Dr. Ben Carson:‚Ä¶ https://t.co/GcQ52QRBMf
837383210682236929,2017-03-02 19:24:49,"Happening now: @POTUS Trump delivers remarks at the PCU Gerald R. Ford in Newport News, VA https://t.co/2DribMxC5j https://t.co/3bjzpNJTQs"
837378005576126464,2017-03-02 19:04:08,"RT @VP: Arriving on Air Force Two in Cincinnati, OH with @SecPriceMD to discuss with small biz owners why Obamacare needs to be repealed &amp;‚Ä¶"
837067176871854080,2017-03-01 22:29:01,Watch LIVE as @VP Pence participates in the swearing-in ceremony for @Interior Secretary Ryan Zinke:‚Ä¶ https://t.co/K76qChyMQN
837056933777534983,2017-03-01 21:48:19,Meet the special guests that attended @POTUS Trump's #JointAddress: https://t.co/LZzhmbilf1
836998070009155584,2017-03-01 17:54:25,ICYMI: Watch @POTUS Trump's #JointAddress to Congress https://t.co/zT56mxV2St
836996086606807046,2017-03-01 17:46:32,.@RepTomMarino on last night's #JointAddress https://t.co/dNQtiKzpEB
836995550885064704,2017-03-01 17:44:24,.@RepKevinBrady on last night's #JointAddress https://t.co/u3a5qlAYS1
836995276074266626,2017-03-01 17:43:19,.@RepEvanJenkins on last night's #JointAddress https://t.co/qVlFxVoXyV
836988981392867328,2017-03-01 17:18:18,.@CongressmanHice on last night's #JointAddress https://t.co/VBsU7MRHff
836988459877351425,2017-03-01 17:16:13,.@DrPhilRoe on last night's #JointAddress https://t.co/YcGw3EeDvD
836987176546074624,2017-03-01 17:11:08,.@RepTomEmmer on last night's #JointAddress https://t.co/7esnnStwEf
836972052376653826,2017-03-01 16:11:02,.@RepSeanDuffy on last night's #JointAddress https://t.co/tVq6e3kZWc
836969368592474112,2017-03-01 16:00:22,.@BillCassidy on last night's #JointAddress https://t.co/s59ujZelNg
836955353774436352,2017-03-01 15:04:40,.@RepHultgren on last night's #JointAddress https://t.co/4gBHwhVkEg
836954790160699394,2017-03-01 15:02:26,.@RepKenBuck on last night's #JointAddress https://t.co/2km9jpt0fg
836944463842918400,2017-03-01 14:21:24,.@RepJeffDuncan on last night's #JointAddress https://t.co/BMJCYGO9ta
836944181985705985,2017-03-01 14:20:17,.@KenCalvert on last night's #JointAddress https://t.co/LCujVwqxnJ
836943885280677891,2017-03-01 14:19:06,.@SteveDaines on last night's #JointAddress https://t.co/Kr5eehZPSb
836808125059588096,2017-03-01 05:19:38,.@RepDavidKustoff on tonight's #JointAddress https://t.co/kfDIYhcD5w
836807512003325954,2017-03-01 05:17:12,.@RepLarryBucshon on tonight's #JointAddress https://t.co/cseLMlLrBQ
836806882186702848,2017-03-01 05:14:42,.@repbuddycarter on tonight's #JointAddress https://t.co/BDLFVNK0N9
836805030552432640,2017-03-01 05:07:21,.@SenatorWicker on tonight's #JointAddress https://t.co/r3cyRfSf2B
836804709772115971,2017-03-01 05:06:04,RT @lisamurkowski: Tonight‚Äôs #JointAddress was a much-needed opportunity for @POTUS to outline his plans &amp; vision for the future: https://t‚Ä¶
836803697950732288,2017-03-01 05:02:03,.@RepRichHudson on tonight's #JointAddress https://t.co/LglqbZxXd6
836802696699064321,2017-03-01 04:58:04,.@RepDonBacon on tonight's #JointAddress https://t.co/GixdaWz1Rb
836802404284780545,2017-03-01 04:56:54,.@JerryMoran on tonight's #JointAddress https://t.co/Yc8uqCD8fz
836801670394830852,2017-03-01 04:53:59,.@RepJoeWilson on tonight's #JointAddress https://t.co/6yDyHJx1tn
836801298049732609,2017-03-01 04:52:31,.@RogerMarshallMD on tonight's #JointAddress https://t.co/BwdXnCP37k
836800626126389253,2017-03-01 04:49:50,.@RoyBlunt on tonight's #JointAddress https://t.co/bH9ELR0zeF
836800338925600768,2017-03-01 04:48:42,RT @senrobportman: My reaction to #POTUS's #JointAddress: https://t.co/6nOhVvsm7l
836799923043586048,2017-03-01 04:47:03,RT @RepGusBilirakis: The President's #JointAddress was uplifting &amp; unifying. He reached out to both parties to work together for the good o‚Ä¶
836799682324094976,2017-03-01 04:46:05,.@RepSteveChabot on tonight's #JointAddress https://t.co/X2kwtTF1Ah
836799220225048576,2017-03-01 04:44:15,.@RepKenMarchant on tonight's #JointAddress https://t.co/uQwYD3ASKC
836798277601361922,2017-03-01 04:40:30,"RT @cathymcmorris: Tonight, I'm reminded that @POTUS is a man of action. Read my full statement here: https://t.co/varBNZPr5Y #Jointsession"
836797823865729024,2017-03-01 04:38:42,RT @MikeCrapo: My response to @POTUS #JointAddress to Congress tonight. https://t.co/SKHo6u51KS
836797707956125700,2017-03-01 04:38:15,RT @SenPatRoberts: I gave my thoughts on @POTUS' #JointAddress tonight. Watch here: https://t.co/zPgBZRGWdJ
836796167983857664,2017-03-01 04:32:08,.@DrNealDunnFL2 on tonight's #JointAddress https://t.co/1pzjYNQI3f
836795557620428800,2017-03-01 04:29:42,.@RepBillShuster on tonight's #JointAddress https://t.co/r8nGKSPTwL
836794907855552518,2017-03-01 04:27:07,.@RepGoodlatte on tonight's #JointAddress https://t.co/E7Tsot2mpa
836794688065667072,2017-03-01 04:26:15,.@PatrickMcHenry on tonight's #JointAddress https://t.co/d89Dx682Mn
836791307884462080,2017-03-01 04:12:49,.@SenCapito on tonight's #JointAddress https://t.co/FcYnNheGVG
836791104121024512,2017-03-01 04:12:00,RT @Reince45: .@POTUS delivered an exceptionally inspiring speech in tonight's #JointAddress. It's an honor to witness such a historic mome‚Ä¶
836790338912137216,2017-03-01 04:08:58,.@virginiafoxx on tonight's #JointAddress https://t.co/aNxbWuj3VM
836789193200267269,2017-03-01 04:04:25,.@RepFredUpton on tonight's #JointAddress https://t.co/FYpjHqAgZI
836788206762881024,2017-03-01 04:00:29,.@RepMcKinley on tonight's #JointAddress https://t.co/xAdT6JNgI0
836787773164126209,2017-03-01 03:58:46,.@SenatorIsakson on tonight's #JointAddress https://t.co/LsB5nltXJn
836787066042265602,2017-03-01 03:55:57,.@RepByrne on tonight's #JointAddress https://t.co/NwMKE9damW
836786662810210305,2017-03-01 03:54:21,.@RepDianeBlack on tonight's #JointAddress https://t.co/SzIw4GlIu3
836786221464584194,2017-03-01 03:52:36,.@JimPressOffice on tonight's #JointAddress https://t.co/Q11nYRd2pE
836785528280350721,2017-03-01 03:49:51,.@SpeakerRyan on tonight's #JointAddress https://t.co/arTrMgaYR0
836784906776817664,2017-03-01 03:47:23,.@RepAlexMooney on tonight's #JointAddress https://t.co/MMfzsCuLgx
836784317279924224,2017-03-01 03:45:02,.@RepGosar on tonight's #JointAddress https://t.co/u307UPAxZy
836783837652873216,2017-03-01 03:43:08,.@JudgeCarter on tonight's #JointAddress https://t.co/YxubXsVkZv
836783102722719746,2017-03-01 03:40:13,.@RepAndyBiggsAZ on tonight's #JointAddress https://t.co/hhuCuWWQGb
836782092935639040,2017-03-01 03:36:12,.@RepBost on tonight's #JointAddress https://t.co/aQSPOjLzpL
836781765872267264,2017-03-01 03:34:54,.@sendavidperdue on tonight's #JointAddress https://t.co/4Ls0IHhBK5
836781622594785280,2017-03-01 03:34:20,"RT @SenThadCochran: .@POTUS brings new energy to American leadership, offers challenging agenda to make USA stronger. #JointAddress https:/‚Ä¶"
836780167418769410,2017-03-01 03:28:33,RT @SenJohnThune: Tonight @POTUS highlighted his continued focus on tackling the issues that matter most to Americans. #JointSession https:‚Ä¶
836780027136061440,2017-03-01 03:27:59,RT @SenOrrinHatch: VIDEO: Hatch reacts to @POTUS's #JointSession address. #tcot #utpol https://t.co/LV4GsTMHYe
836776343014682624,2017-03-01 03:13:21,"""And believe, once more, in AMERICA."" #JointAddress #AmericanSpirit https://t.co/Mm1HBAtKMl"
836775787638452224,2017-03-01 03:11:08,#JointAddress #AmericanSpirit https://t.co/7Gm3IhNEqm
836775359785881600,2017-03-01 03:09:26,RT @POTUS: I am asking all citizens to embrace this Renewal of the #AmericanSpirit. #JointAddress
836775244903895042,2017-03-01 03:08:59,"RT @POTUS: We are one people, with one destiny.

We all bleed the same blood.

We all salute the same flag.

And we are all made by the sam‚Ä¶"
836775216957227012,2017-03-01 03:08:52,"""... and jobs where Americans prosper and grow - are not too much to ask."" #JointAddress #AmericanSpirit https://t.co/flnaY3DbPr"
836774738034896897,2017-03-01 03:06:58,RT @POTUS: Think of the marvels we can achieve if we simply set free the dreams of our people. #AmericanSpirit #JointAddress
836774366327226368,2017-03-01 03:05:30,"RT @POTUS: We want harmony and stability, not war and conflict. We want peace, wherever peace can be found. #JointAddress #AmericanSpirit"
836773767468761090,2017-03-01 03:03:07,RT @PressSec: .@POTUS honors to service and sacrifice of Navy SEAL Chief Ryan Owens #JointAddress
836773728189046786,2017-03-01 03:02:57,"""And NONE are greater or braver than those who fight for America in uniform."" #JointAddress #AmericanSpirit https://t.co/beX3JackEM"
836773041514373126,2017-03-01 03:00:14,RT @POTUS: Ryan‚Äôs legacy is etched into eternity. #AmericanSpirit
836772510066741248,2017-03-01 02:58:07,"""I am sending the Congress a budget that rebuilds the military..."" #JointAddress #AmericanSpirit https://t.co/eZHuzpnhxA"
836772130280845312,2017-03-01 02:56:36,RT @POTUS: We must provide the men and women of the U.S. Military with the tools they need to prevent war and ‚Äì if they must ‚Äì TO FIGHT AND‚Ä¶
836771292451864576,2017-03-01 02:53:17,#JointAddress #AmericanSpirit https://t.co/GzRoTuIOGs
836771117457108993,2017-03-01 02:52:35,"""EVERY American child..."" #JointAddress #AmericanSpirit https://t.co/VbGM87EuRI"
836770510344171520,2017-03-01 02:50:10,RT @POTUS: Education is the civil rights issue of our time. I am calling for an education bill that funds school choice for disadvantaged y‚Ä¶
836770014518784001,2017-03-01 02:48:12,RT @PressSec: Today is #RareDiseaseDay and @POTUS welcomes survivor Megan Crowley #JointAddress
836769762218819584,2017-03-01 02:47:12,"""...to make childcare accessible and more affordable."" #JointAddress #AmericanSpirit https://t.co/sZS81P7ar3"
836769439970390017,2017-03-01 02:45:55,"""Our citizens deserve this, and so much more - so why not join forces to finally get it done?"" #JointAddress https://t.co/rGWd4yyvFJ"
836768647838322690,2017-03-01 02:42:46,RT @POTUS: We must ensure that Americans with pre-existing conditions have access to coverage. #JointAddress
836768477755113474,2017-03-01 02:42:06,"RT @POTUS: Obamacare is collapsing ‚Äì and we must act decisively to protect all Americans. Action is not a choice, it is a necessity. #Joint‚Ä¶"
836768187358330882,2017-03-01 02:40:56,"""REPEAL and REPLACE Obamacare"" #JointAddress https://t.co/1xWAebxino"
836767839289761792,2017-03-01 02:39:33,"""Buy American, and hire American!"" #JointAddress https://t.co/ZeB36qavee"
836767023644438528,2017-03-01 02:36:19,"""I am not going to let America be taken advantage of anymore."" #JointAddress https://t.co/rHTD2onC4C"
836766112503185408,2017-03-01 02:32:42,#JointAddress #AmericanSpirit https://t.co/PEH6aRy0ao
836765540232359936,2017-03-01 02:30:25,"""Antonin Scalia will forever be a symbol of American Justice."" #JointAddress #AmericanSpirit https://t.co/DTivcDjm9n"
836764701371600897,2017-03-01 02:27:05,#JointAddress https://t.co/HrWtTQ461F
836763848858284032,2017-03-01 02:23:42,RT @POTUS: My Administration has answered the pleas of the American people for immigration enforcement and border security. #JointAddress
836763315384766466,2017-03-01 02:21:35,RT @POTUS: I have issued a new directive that American pipelines must be made with American steel. #JointAddress #AmericanSpirit
836762873594511361,2017-03-01 02:19:50,Fighting for American Workers #JointAddress #AmericanSpirit https://t.co/jwh7SgW7Og
836762409515638784,2017-03-01 02:17:59,"""We have begun to #DrainTheSwamp of government corruption..."" #JointAddress https://t.co/8TP9EOebkC"
836762177574883331,2017-03-01 02:17:04,#JointAddress https://t.co/INyKLcAhSe
836760999290093569,2017-03-01 02:12:23,RT @POTUS: A surge of optimism is placing impossible dreams firmly within our grasp. What we are witnessing today is the Renewal of the #Am‚Ä¶
836760929215918081,2017-03-01 02:12:06,This is the #AmericanSpirit. #JointAddress https://t.co/OgllGrPTe9
836760695052062721,2017-03-01 02:11:10,RT @POTUS: We are a country that stands united in condemning hate and evil in all of its very ugly forms. #JointAddress
836757773199282177,2017-03-01 01:59:33,Tune in now! https://t.co/TFWe9JNfFZ #JointAddress https://t.co/m27jHmQnNo
836709399297150976,2017-02-28 22:47:20,Tune in LIVE tonight at 9pm EST for @POTUS Trump's #JointAddress: https://t.co/TFWe9JNfFZ https://t.co/4uOlQ2xrJ4
836698180985184257,2017-02-28 22:02:46,.@POTUS Trump's #JointAddress begins at 9pm EST. One way to tune in: https://t.co/o7NLL4QBTr
836630168085102592,2017-02-28 17:32:30,Don't forget to tune in tonight for @POTUS Trump's #JointAddress! https://t.co/xKui901gkk
836588575969923074,2017-02-28 14:47:14,"Watch LIVE as @VP Pence participates in the swearing-in of the Secretary of @CommerceGov, Wilbur Ross:‚Ä¶ https://t.co/WklFod8vSB"
836573848124411904,2017-02-28 13:48:42,RT @POTUS: Thank you to the great presidents of our #HBCUs for their commitment to higher education. Read more here: https://t.co/m2Adyvvu6‚Ä¶
836322373364236295,2017-02-27 21:09:26,Everything you need to know about @POTUS Trump's #JointAddress to Congress tomorrow night: https://t.co/f8vajiulJ5 https://t.co/kc6w1AvF8E
836232903755366403,2017-02-27 15:13:55,RT @Scavino45: .@POTUS @realDonaldTrump speaking to Governors &amp; Cabinet at the @WhiteHouse now. https://t.co/GU5x14rE1B
835514330510655489,2017-02-25 15:38:34,Join us at 11am EST for @POTUS Trump's Weekly Address: https://t.co/C0TY0EP6OH https://t.co/8W9mSEswNp
835251208507932672,2017-02-24 22:13:00,ICYMI: @POTUS Trump spoke at @CPAC earlier today. Watch his remarks here: https://t.co/YNJGyFknLN https://t.co/K7H1kyyy6W
835210377768075264,2017-02-24 19:30:46,.@POTUS Trump cuts through more red tape: https://t.co/KfAyQ757aq
834930290426540032,2017-02-24 00:57:48,RT @VP: WATCH LIVE to see my message about @POTUS Trump's agenda to the men &amp; women of the conservative movement at @CPAC. https://t.co/Fui‚Ä¶
834862188280020993,2017-02-23 20:27:11,RT @POTUS: Great job - see you tomorrow at 10amE! #CPAC2017 https://t.co/bO99P9CCg5
834862105438322689,2017-02-23 20:26:51,RT @Reince45: Thank you for having us! #CPAC2017 https://t.co/XIkQT24Edc
834794382687625216,2017-02-23 15:57:45,Join us LIVE as @POTUS Trump leads a listening session with manufacturing CEOs: https://t.co/WpumKfclto
834494603680215040,2017-02-22 20:06:32,RT @VP: LISTEN LIVE now as I join hardworking Americans in Missouri to discuss America's economic comeback: https://t.co/VgPq0m37zR
834410634817200130,2017-02-22 14:32:52,"Happy birthday, George Washington! Learn more about our first President here: https://t.co/NQSN4lfTOu https://t.co/CD2dn6YIxz"
833792665867186177,2017-02-20 21:37:17,.@POTUS Trump‚Äôs First Month: Achieving Results for the American People https://t.co/3mYxqWRKE6
833709956096487424,2017-02-20 16:08:37,Happy #PresidentsDay! Learn more about all 45 of our Presidents here: https://t.co/wDA3f2vyej https://t.co/mYDND35V3G
832721903563464704,2017-02-17 22:42:27,Join us LIVE as Justice Samuel Alito participates in the swearing-in of @EPA Administrator Scott Pruitt:‚Ä¶ https://t.co/67fNfEs7gP
832609107815325698,2017-02-17 15:14:15,Join us at 11am EST for @POTUS Trump's Weekly Address: https://t.co/yNfQwKdlE2 https://t.co/0RRosyS5EB
832362046587035648,2017-02-16 22:52:31,"Coming up LIVE: @VP Pence participates in the swearing-in of OMB Director, Mick Mulvaney: https://t.co/FRmhXRiQVz https://t.co/rNeeXvVdGM"
832343098042830848,2017-02-16 21:37:13,.@POTUS Donald J. Trump Nominates R. Alexander Acosta to be Secretary of @USDOL: https://t.co/JjxmEXzNGd
832329716837281792,2017-02-16 20:44:03,Join us LIVE as @POTUS Trump signs H.J.Res. 38: https://t.co/T2M5qxSWBs
832287616850657280,2017-02-16 17:56:45,Watch LIVE as @POTUS Trump holds a press conference in the East Room of the White House: https://t.co/1i1w8w6Eky https://t.co/hL2CxGN1UX
831978580250877964,2017-02-15 21:28:45,.@POTUS Trump: Cutting Red Tape for American Businesses https://t.co/TArdN89Ze2
831901345636577280,2017-02-15 16:21:51,Coming up LIVE: @POTUS Trump participates in a joint press conference with @IsraeliPM Netanyahu:‚Ä¶ https://t.co/musxcl7Eg0
831884186072014849,2017-02-15 15:13:40,Watch LIVE: @POTUS Trump participates in a listening session with the Retail Industry Leaders Association &amp; CEOs: https://t.co/bgbUWchs90
831604691918319617,2017-02-14 20:43:03,"And watch LIVE as @VP Pence participates in the swearing-in of @SBAgov Administrator, @Linda_McMahon:‚Ä¶ https://t.co/YiFxzdxbF9"
831587745587929090,2017-02-14 19:35:43,"Join us LIVE as @VP Pence participates in the swearing-in of Secretary of Veterans Affairs, Dr. David Shulkin:‚Ä¶ https://t.co/ch3QIvGYTe"
831580081814458368,2017-02-14 19:05:16,.@FLOTUS Melania Trump is pleased to announce the White House Visitors Office will resume public tours on March 7th https://t.co/FhJUf1UP1m
831373581561032704,2017-02-14 05:24:42,"POTUS Trump Names Lt. General Joseph Keith Kellogg, Jr. as Acting National Security Advisor-Accepts Resignation of‚Ä¶ https://t.co/5bGoYzIBEb"
831317627750477825,2017-02-14 01:42:22,"Watch LIVE as @POTUS &amp; @VP participate in the swearing-in of Secretary of the Treasury, Steven Mnuchin:‚Ä¶ https://t.co/J71mMOgRII"
831266888189693952,2017-02-13 22:20:44,Joint Statement from President Donald J. Trump and Prime Minister Justin Trudeau: https://t.co/MmsGJgUI3c https://t.co/xzP3efrplU
831186249411129348,2017-02-13 17:00:19,RT @realDonaldTrump: Welcome to the @WhiteHouse Prime Minister @JustinTrudeau! https://t.co/WKgF8Zo9ri
830957264114708485,2017-02-13 01:50:24,"Happy Birthday to President Abraham Lincoln! #POTUS16
https://t.co/1sMucHiW1T https://t.co/POGSyZlM4R"
830620962248937472,2017-02-12 03:34:04,LIVE Joint Statement by President Trump and Prime Minister Shinzo Abe: https://t.co/5tWYi9RHsw
830527853217341440,2017-02-11 21:24:05,"President Trump Approves Oklahoma Disaster Declaration
https://t.co/2I65tyIYl3"
830490121468334082,2017-02-11 18:54:09,"President Trump Acts to Restore Public Safety and Protect Law Enforcement. #LESM 
https://t.co/15Mtffof6h"
829718945397612547,2017-02-09 15:49:46,"RT @POTUS: Join us live at the @WhiteHouse for the swearing in of our new Attorney General, @SenatorSessions!  
LIVE: https://t.co/cikeZjU1‚Ä¶"
829498067242057730,2017-02-09 01:12:05,RT @dougducey: BIG ANNOUNCEMENT!! HUGE NEWS!! NEW JOBS FOR #ARIZONA! @intel @bkrunner @realDonaldTrump @POTUS @WhiteHouse https://t.co/HgsX‚Ä¶
829003590782111744,2017-02-07 16:27:12,RT @realDonaldTrump: An honor having the National Sheriffs' Assoc. join me at the @WhiteHouse. Incredible men &amp; women who protect &amp; serve 2‚Ä¶
828696650797428740,2017-02-06 20:07:32,"Happy Birthday, Mr. President! https://t.co/snf4pYhBiB"
828661277576876033,2017-02-06 17:46:59,"'@VP Pence Takes Wounded Warriors to #SuperBowl'
https://t.co/63kCEpzPR9"
828660814966091776,2017-02-06 17:45:08,RT @VP: It's a great honor to visit with Former President @GeorgeHWBush &amp; Barbara Bush. Their service to our nation üá∫üá∏ is an inspiration to‚Ä¶
827720094415478785,2017-02-04 03:27:03,"Statement by the Press Secretary:
At the earliest possible time, the Dept. of Justice intends to file an emergency...https://t.co/hJKLPqHSg1"
827656654284001280,2017-02-03 23:14:58,RT @SenatorEnzi: Senate leaders applaud action by White House to stop big government ‚Äúfiduciary rule‚Äù. https://t.co/l2zRXeIUJm
827640171814322180,2017-02-03 22:09:28,"It's been another historic week at the White House. Tune in NOW for @POTUS Trump's second weekly address! 
https://t.co/QTXUMc1eoY"
827639181669232640,2017-02-03 22:05:32,RT @POTUS: Remarks by President Trump at Signing of Executive Order on Fiduciary Rule: https://t.co/kMRFhlXlHe https://t.co/CKiU61iBqh
827570689846702080,2017-02-03 17:33:22,"RT @GorsuchFacts: Yesterday, #SCOTUS nominee Judge Gorsuch met with Senators all over the Capitol‚Ä¶he also met with this puppy. #JusticeGors‚Ä¶"
827547222455775232,2017-02-03 16:00:07,.@POTUS &amp; @FLOTUS invite Americans to wear red today to raise awareness about ‚ù§ disease &amp; improve our nation's heal‚Ä¶ https://t.co/HF6eu5Mcfv
827545936062795781,2017-02-03 15:55:00,"We honor this month as American Heart Month to remember those who have lost their lives to heart disease.‚ù§
https://t.co/5gN5wG8JKU"
827308768748769280,2017-02-03 00:12:35,"RT @POTUS: 'Trump taps first woman to CIA second in command'
https://t.co/15yzhsH6Qq"
827308752688799744,2017-02-03 00:12:31,RT @VP: Tune in to @FoxNews tonight at 10 p.m. ET as I sit down w/ @seanhannity to discuss the need for an up or down vote on @POTUS' SCOTU‚Ä¶
827265264228016130,2017-02-02 21:19:43,RT @VP: Honored to welcome German Vice Chancellor &amp; Min. for Foreign Affairs Gabriel to the White House today to discuss NATO &amp; transatlant‚Ä¶
827256389722517509,2017-02-02 20:44:27,RT @VP: .@POTUS and I enjoyed welcoming @harleydavidson execs &amp; union leaders to the @WhiteHouse to discuss keeping America's manufacturing‚Ä¶
827216043223445504,2017-02-02 18:04:08,"RT @POTUS: Great meeting with @harleydavidson executives from Milwaukee, Wisconsin at the @WhiteHouse. https://t.co/7Spcmh6guM"
827163172050079746,2017-02-02 14:34:02,"""We are all united by our faith... Freedom is not a gift from government... Freedom is a gift from God.‚Äù - @POTUS #nationalprayerbreakfast"
827161536183480326,2017-02-02 14:27:32,"""America is a nation of believers."" - @POTUS Trump speaking at #nationalprayerbreakfast"
826985494336663552,2017-02-02 02:48:01,RT @StateDept: Watch the swearing in of Secretary of State Tillerson at the @WhiteHouse. https://t.co/xRDWIv09Ce
826974960052797440,2017-02-02 02:06:09,"RT @VP: As #BlackHistoryMonth¬†begins, we remember when Pres. Lincoln submitted the 13th Amendment, ending slavery, to the states #NationalF‚Ä¶"
826961793197232128,2017-02-02 01:13:50,"RT @POTUS: Congratulations to our new Secretary of State Rex Tillerson, sworn-in this evening by @VP Mike Pence. https://t.co/YvLoJZUKj8"
826946942857003008,2017-02-02 00:14:49,"Tune in now for the LIVE ceremonial swearing-in of our new Secretary of State, Rex Tillerson! https://t.co/1wTnWbBJ9o"
826903245037694980,2017-02-01 21:21:11,RT @GorsuchFacts: .@POTUS Trump keeps another promise to the American people by nominating Judge Neil Gorsuch to #SCOTUS. #JusticeGorsuch h‚Ä¶
826903233683660803,2017-02-01 21:21:08,"RT @VP: Grateful for @SenateMajLdr's strong support for President @realDonaldTrump's Supreme Court nominee, Judge Gorsuch. https://t.co/qng‚Ä¶"
826854458659393540,2017-02-01 18:07:19,RT @POTUS: Moment of prayer last night after my nomination of Judge Neil Gorsuch for #SCOTUS. It was an honor having Maureen and Fr. Scalia‚Ä¶
826833650008330240,2017-02-01 16:44:38,RT @POTUS: Proud to honor the start of Black History Month at the @WhiteHouse this morning with @VP Mike Pence. https://t.co/CaXOykzR4d
826647518322819072,2017-02-01 04:25:01,"RT @POTUS: President Donald J. Trump Nominates Judge Neil Gorsuch to the United States Supreme Court
#JusticeGorsuch #SCOTUS 
https://t.co/‚Ä¶"
826647506490634241,2017-02-01 04:24:58,"RT @realDonaldTrump: Hope you like my nomination of Judge Neil Gorsuch for the United States Supreme Court. He is a good and brilliant man,‚Ä¶"
826610007399682049,2017-02-01 01:55:58,"""This has been the most transparent Supreme Court selection process in the history of our country."" - @POTUS‚Ä¶ https://t.co/kOadoSyXDs"
826607453856989184,2017-02-01 01:45:49,RT @GorsuchFacts: 11 current Dem Senators &amp; 20 current GOP Senators were in office when Judge Gorsuch was confirmed w/out oppo in '06. #Jus‚Ä¶
826603098072297472,2017-02-01 01:28:30,"RT @GorsuchFacts: .@POTUS Trump has chosen a #SCOTUS with a brilliant legal mind, sterling academic credentials, &amp; a commitment to constitu‚Ä¶"
826602268116078593,2017-02-01 01:25:12,"RT @GorsuchFacts: Judge Gorsuch defends the Constitution &amp; protects individual rights, incl religious liberty, against gov't attack. #Justi‚Ä¶"
826602063916326912,2017-02-01 01:24:24,"""Judge Gorsuch has a superb intellect, an unparalleled legal edu, and a commitment to interpreting the Constitution‚Ä¶ https://t.co/ErtgG1YeQr"
826600832992960512,2017-02-01 01:19:30,RT @SenateMajLdr: My statement on @POTUS' excellent selection of Neil Gorsuch as our next #SCOTUS Justice https://t.co/z7TNYvd0ie
826600739191521280,2017-02-01 01:19:08,RT @SpeakerRyan: Judge Neil Gorsuch is a phenomenal nominee for the #SCOTUS. https://t.co/qQIeFmXE3O https://t.co/QoiGqCZ2dH
826600604130766848,2017-02-01 01:18:36,RT @GorsuchFacts: Join us in congratulating Judge Neil Gorsuch on his nomination for #SCOTUS! Read his bio here: https://t.co/Im2VNUG6Bk #J‚Ä¶
826600584274907138,2017-02-01 01:18:31,"RT @POTUS: President Trump's Nominee for the Supreme Court Neil M. Gorsuch. 
#SCOTUS #JusticeGorsuch 
https://t.co/OnnJxv0sNG https://t.co/‚Ä¶"
826600556621885442,2017-02-01 01:18:24,"RT @VP: Judge Gorsuch is one of the most mainstream, respected, and exceptionally qualified Supreme Court nominees in American history."
826599464530014209,2017-02-01 01:14:04,"RT @VP: Tonight, @POTUS nominated a Supreme Court Justice who will uphold the God-given liberties enshrined in our constitution ‚Äî Judge Gor‚Ä¶"
826599060949839872,2017-02-01 01:12:28,RT @POTUS: #JusticeGorsuch #SCOTUS https://t.co/Y96Hi2bbIj
826597453411581953,2017-02-01 01:06:04,RT @GorsuchFacts: BREAKING: @POTUS Trump has nominated Judge Neil Gorsuch for #SCOTUS! #JusticeGorsuch https://t.co/Ugj1Kv3Xp2
826596356336803840,2017-02-01 01:01:43,"RT @realDonaldTrump: Join me live from the @WhiteHouse.
https://t.co/LHOs4nAaGl"
826593494567362561,2017-02-01 00:50:21,RT @POTUS: Join me live from the @WhiteHouse as I announce my nomination for United States Supreme Court Justice. https://t.co/nWU7O6EyQ6 h‚Ä¶
826589098399907841,2017-02-01 00:32:52,RT @realDonaldTrump: Getting ready to deliver a VERY IMPORTANT DECISION!  8:00 P.M.
826559062775042049,2017-01-31 22:33:31,"RT @POTUS: Join me live from the @WhiteHouse at 8:00pm tonight. #SCOTUS 
https://t.co/7OJvZaW0Y7 https://t.co/nJyeYyACQ1"
826559051240730624,2017-01-31 22:33:29,RT @POTUS: Highlights From The President‚Äôs Listening Session With Pharmaceutical Industry Leaders at the @WhiteHouse today: https://t.co/YM‚Ä¶
826518763256287232,2017-01-31 19:53:23,Join @POTUS Trump tonight at 8pm EST as he announces his #SCOTUS pick! We'll be streaming the historic event LIVE:‚Ä¶ https://t.co/vyRaMYFHSs
826508426817708032,2017-01-31 19:12:19,RT @POTUS: Today I met with pharmaceutical executives at the @WhiteHouse...https://t.co/T1L7e8pHG1 https://t.co/MDr9b7rBhN
826245810589409281,2017-01-31 01:48:46,RT @realDonaldTrump: The Democrats are delaying my cabinet picks for purely political reasons. They have nothing going but to obstruct. Now‚Ä¶
826202559018913797,2017-01-30 22:56:54,"RT @realDonaldTrump: The American dream is back. We‚Äôre going to create an environment for small business like we haven‚Äôt had in many, many‚Ä¶"
826202544867250176,2017-01-30 22:56:51,RT @VP: Grateful to welcome King Abdullah II of Jordan this morning as first foreign leader to visit VP Residence. https://t.co/LXjWcD8jRi
826069070114066432,2017-01-30 14:06:28,RT @realDonaldTrump: I have made my decision on who I will nominate for The United States Supreme Court. It will be announced live on Tuesd‚Ä¶
825845649492946944,2017-01-29 23:18:40,RT @POTUS: Statement Regarding Recent Executive Order Concerning Extreme Vetting: https://t.co/junoy06y2R
825786232554811393,2017-01-29 19:22:34,RT @VP: We mourn the loss of a hero in battle against radical Islamic terror. Our prayers go to loved ones of fallen service member &amp; the w‚Ä¶
825763925677453314,2017-01-29 17:53:56,"RT @realDonaldTrump: Our country needs strong borders and extreme vetting, NOW. Look what is happening all over Europe and, indeed, the wor‚Ä¶"
825763859503919105,2017-01-29 17:53:40,RT @POTUS: Presidential Memorandum Organization of the National Security Council and the Homeland Security Council: https://t.co/8bMNArkQH1‚Ä¶
825763830395449345,2017-01-29 17:53:33,RT @POTUS: Presidential Memorandum Plan to Defeat the Islamic State of Iraq and Syria: https://t.co/MWvPlRQ8ZI https://t.co/1IkgK8wEWF
825763815807713281,2017-01-29 17:53:30,RT @POTUS: Executive Order: ETHICS COMMITMENTS BY EXECUTIVE BRANCH APPOINTEES: https://t.co/0T7rvbEdAJ https://t.co/Z9fZd4jlCg
825474979953246209,2017-01-28 22:45:46,.@POTUS @realDonaldTrump- speaking with Australian Prime Minister Malcolm Turnbull from the Oval Office. https://t.co/6rDjoygXDD
825461998519468032,2017-01-28 21:54:11,RT @POTUS: Signed some additional executive orders in the Oval Office moments ago- https://t.co/fgIaVW5aJD
825439270156587009,2017-01-28 20:23:52,RT @POTUS: YOUR WEEKLY ADDRESS: https://t.co/iCUns5IOJ5
825417786247749632,2017-01-28 18:58:30,RT @VP: Welcomed my good friend Governor @EricGreitens to the White House today. He is doing a great job for the people of Missouri. https:‚Ä¶
825398856145829891,2017-01-28 17:43:17,"Tune in now for @POTUS Trump's first weekly address to the nation on Facebook Live!üá∫üá∏
https://t.co/BvMhVlxnid https://t.co/08bhycL7SH"
825383929381343237,2017-01-28 16:43:58,RT @PressSec: .@POTUS  speaks with German Chancellor Merkel from the Oval Office.  One of five heads of government calls today https://t.co‚Ä¶
825372136940400641,2017-01-28 15:57:06,"RT @realDonaldTrump: Today, we remember the crew of the Space Shuttle Challenger, 31 years later. #NeverForget https://t.co/OhshQsFRfl"
825188075852668928,2017-01-28 03:45:43,RT @POTUS: I will be America's greatest defender and most loyal champion. -DJT https://t.co/wukJ6YqvLu
825101522212093953,2017-01-27 22:01:47,RT @realDonaldTrump: Congratulations Secretary Mattis! https://t.co/mkuhbegzqS
825086913921028096,2017-01-27 21:03:44,RT @POTUS: Joint Statement on U.S. - Mexico Relations: https://t.co/wPWdC9K0xj
825082036893396993,2017-01-27 20:44:21,RT @realDonaldTrump: Statement on International Holocaust Remembrance Day: https://t.co/KjU0MOxCHk
825057194911608833,2017-01-27 19:05:38,RT @POTUS: An honor to have U.K. Prime Minister @theresa_may join me at the @WhiteHouse. #ICYMI- our joint press conference: https://t.co/4‚Ä¶
825057160421859328,2017-01-27 19:05:30,RT @VP: It was my honor to speak at the @March_for_Life today w/ my family &amp; share the commitment of @POTUS to restore culture of life in A‚Ä¶
825045118512144384,2017-01-27 18:17:39,"Tune in now for a joint press conference with @POTUS Trump and PM @theresa_may!
https://t.co/apbHjgoyF9 https://t.co/x4SvGECrLi"
825044503509790723,2017-01-27 18:15:12,RT @PressSec: The United Kingdom's Prime Minister @theresa_may becomes the first head of government to sign the White House book under @POT‚Ä¶
824990215190241281,2017-01-27 14:39:29,RT @PressSec: When @vp addresses #MarchForLife today it will be the first time a sitting Vice President has spoken in person March
824981805635874817,2017-01-27 14:06:04,Today we celebrate one week since making history with the swearing-in of @POTUS Trump and @VP Pence! Watch‚û°Ô∏è‚Ä¶ https://t.co/slHPsqRlFT
824962889501011969,2017-01-27 12:50:54,RT @POTUS: 'People want protection and a wall protects. All you have to do is ask Israel...' @realDonaldTrump https://t.co/QeTbiJpaDY
824962846157045763,2017-01-27 12:50:44,"RT @PressSec: Another busy day for @POTUS - meeting with @theresa_may at WH , swearing in of SECDEF at Pentagon and signing of executive me‚Ä¶"
824758244300189696,2017-01-26 23:17:43,RT @VP: Honored to meet with Pro-Life leaders in my office tonight. Just told them I look forward to addressing National @March_for_Life on‚Ä¶
824758237811638272,2017-01-26 23:17:41,RT @VP: This is Nat'l School Choice Week. @POTUS &amp; I are committed to making a great education possible for all our children https://t.co/T‚Ä¶
824720962071523332,2017-01-26 20:49:34,RT @VP: Work benefiting the American people will get done in DC. Great discussion w/ GOP House &amp; Senate members about moving @POTUS agenda‚Ä¶
824700466818936832,2017-01-26 19:28:08,"RT @realDonaldTrump: Spoke at the Congressional @GOP Retreat in Philadelphia, PA. this afternoon w/ @VP, @SenateMajLdr, @SpeakerRyan. Thank‚Ä¶"
824641314520240129,2017-01-26 15:33:05,RT @VP: Humbled to board Air Force Two for 1st time with @SecondLady. We will see you shortly in Philadelphia to talk about @POTUS agenda f‚Ä¶
824641291086692355,2017-01-26 15:32:59,RT @VP: Beautiful morning for @SecondLady Karen Pence and my 1st flight aboard Marine Two. Next stop Air Force Two. Will be in Philadelphia‚Ä¶
824442482633113601,2017-01-26 02:22:59,"RT @realDonaldTrump: As your President, I have no higher duty than to protect the lives of the American people. https://t.co/o7YNUNwb8f"
824410997641338880,2017-01-26 00:17:53,"RT @realDonaldTrump: Beginning today, the United States of America gets back control of its borders. Full speech from today @DHSgov: https:‚Ä¶"
824389797506613249,2017-01-25 22:53:38,RT @VP: The Dow closes above 20K for 1st time in history. US economy is being unleashed under President @realDonaldTrump. üá∫üá∏ https://t.co/z‚Ä¶
824389756503134213,2017-01-25 22:53:29,RT @realDonaldTrump: I will be interviewed by @DavidMuir tonight at 10 o'clock on @ABC. Will be my first interview from the White House. En‚Ä¶
824326664180137992,2017-01-25 18:42:46,RT @VP: Our new UN Ambassador @nikkihaley is getting right to work with President @realDonaldTrump and @SenRubioPress. https://t.co/7Ib1Dju‚Ä¶
824315464771891200,2017-01-25 17:58:16,RT @VP: It was my privilege to administer the Oath of Office to the new United States Ambassador to the United Nations @nikkihaley. https:/‚Ä¶
824282315002150913,2017-01-25 15:46:32,We're having an incredible 1st week at the White House ‚Äî 10 Executive Orders &amp; Memorandums from @POTUS Trump so far‚Ä¶ https://t.co/1SB1Qfa9iH
824270172462739456,2017-01-25 14:58:17,RT @POTUS: Great! #Dow20K https://t.co/wXFhXBLgag
824236812679966720,2017-01-25 12:45:44,RT @realDonaldTrump: I will be making my Supreme Court pick on Thursday of next week.Thank you!
824100908829184000,2017-01-25 03:45:42,"RT @realDonaldTrump: Big day planned on NATIONAL SECURITY tomorrow. Among many other things, we will build the wall!"
824056015230472197,2017-01-25 00:47:18,RT @realDonaldTrump: Great meeting with Ford CEO Mark Fields and General Motors CEO Mary Barra at the @WhiteHouse today. https://t.co/T0eIg‚Ä¶
823990763994419202,2017-01-24 20:28:01,RT @POTUS: Meeting with members of the Senate leadership at the @WhiteHouse now with @VP Pence. https://t.co/SjpbTV1ysS
823990581370163200,2017-01-24 20:27:18,"Today @POTUS Trump took action to expedite high priority energy &amp; infrastructure projects:
‚úîÔ∏èKeystone XL pipeline‚Ä¶ https://t.co/8Oahb4NGEP"
823977611445633024,2017-01-24 19:35:45,".@GM CEO Mary Barra: ""There's a huge opportunity"" to improve the environment, safety, jobs creation, &amp; ""competitiveness of manufacturing."""
823977284768038912,2017-01-24 19:34:28,".@Ford CEO Mark Fields on @POTUS decision to withdraw from TPP: ""We appreciate the President's courage to walk away from a bad trade deal."""
823955568566145024,2017-01-24 18:08:10,RT @realDonaldTrump: Signing orders to move forward with the construction of the Keystone XL and Dakota Access pipelines in the Oval Office‚Ä¶
823926468002648065,2017-01-24 16:12:32,.@POTUS Trump met w/ automobile industry leaders in the Roosevelt Room this morning ‚Äî delivering on his promise to‚Ä¶ https://t.co/wzuWRaKCLY
823921238892511232,2017-01-24 15:51:45,RT @VP: Good discussion with President @realDonaldTrump and automotive leaders about creating new auto jobs in the U.S. üá∫üá∏ https://t.co/p9C‚Ä¶
823748933075746816,2017-01-24 04:27:04,RT @VP: Tonight I had the privilege to administer the Oath of Office to Mike Pompeo as the new Director of the Central Intelligence Agency.‚Ä¶
823699916203520000,2017-01-24 01:12:18,RT @POTUS: ‚ö°Ô∏èTHANK YOU to my amazing family for their support since I announced my candidacy on 6/16/2015. -DJT https://t.co/Db6titMVtq
823672078696153088,2017-01-23 23:21:41,"RT @VP: Proud to stand w/ President Trump signing EOs: withdrawing US from TPP, prohibiting int'l abortion funding &amp; freezing hiring except‚Ä¶"
823523280502063105,2017-01-23 13:30:25,RT @POTUS: Busy week planned with a heavy focus on jobs &amp; national security. Top executives coming in at 9 A.M. to talk manufacturing in Am‚Ä¶
823297103111786497,2017-01-22 22:31:40,RT @POTUS: It was an honor to host our amazing teams of law enforcement at the @WhiteHouse this afternoon. @VP Pence and I are grateful for‚Ä¶
822921756734324738,2017-01-21 21:40:10,"""Do not allow anyone to tell you that it cannot be done. No challenge can match the HEART and FIGHT and SPIRIT of A‚Ä¶ https://t.co/bXYAH4cjVB"
822898940802699271,2017-01-21 20:09:30,A behind-the-scenes look as @POTUS Trump walks out to be sworn in as America's 45th President. #Inauguration https://t.co/mtoKzZDoW3
822894797912477696,2017-01-21 19:53:03,"RT @POTUS: I am honored to serve you, the great American People, as your 45th President of the United States! https://t.co/BVtt7lSrlA"
822538681764417537,2017-01-20 20:17:58,Join us in congratulating @VP Pence on his #Inauguration as the 48th Vice-President of the United States of America! https://t.co/BC345hiKjM
822535914937257989,2017-01-20 20:06:58,An incredible moment in American history ‚Äî @POTUS Trump taking the oath of office. https://t.co/o1N1QMGB1s
822522909939810304,2017-01-20 19:15:18,"RT @POTUS: #InaugurationDay Speechüá∫üá∏
https://t.co/2h8yWMYQz9 https://t.co/Q9u8n9vez2"
822517413732192256,2017-01-20 18:53:27,"""From this day forward, a new vision will govern our land. From this moment on, it‚Äôs going to be America First."" - @POTUS"
822513852847796224,2017-01-20 18:39:18,"""January 20th 2017, will be remembered as the day the people became the rulers of this nation again."" - @POTUS"
822507925432397825,2017-01-20 18:15:45,"""This is YOUR day. This is YOUR celebration. And this, the United States of America, is YOUR country."" - @POTUS"
822489744915525633,2017-01-20 17:03:30,It‚Äôs official. Our 45th president has taken the oath of office &amp; we couldn't be more excited! Congratulations to @POTUS Trump #Inauguration
